numero,nome,tipo1,tipo2,total,hp,ataque,defesa,ataque_especial,defesa_especial,velocidade,geracao,lendario,cor,altura_m,peso_kg,taxa_captura
1,Bulbasaur,Planta,Venenoso,318,45,49,49,65,65,45,1,0,Green,0.71,6.90,45
2,Ivysaur,Planta,Venenoso,405,60,62,63,80,80,60,1,0,Green,0.99,13.00,45
3,Venusaur,Planta,Venenoso,525,80,82,83,100,100,80,1,0,Green,2.01,100.00,45
4,Charmander,Fire,,309,39,52,43,60,50,65,1,0,Red,0.61,8.50,45
5,Charmeleon,Fire,,405,58,64,58,80,65,80,1,0,Red,1.09,19.00,45
6,Charizard,Fire,Voador,534,78,84,78,109,85,100,1,0,Red,1.70,90.50,45
7,Squirtle,Water,,314,44,48,65,50,64,43,1,0,Blue,0.51,9.00,45
8,Wartortle,Water,,405,59,63,80,65,80,58,1,0,Blue,0.99,22.50,45
9,Blastoise,Water,,530,79,83,100,85,105,78,1,0,Blue,1.60,85.50,45
10,Caterpie,Bug,,195,45,30,35,20,20,45,1,0,Green,0.30,2.90,255
11,Metapod,Bug,,205,50,20,55,25,25,30,1,0,Green,0.71,9.90,120
12,Butterfree,Bug,Voador,395,60,45,50,90,80,70,1,0,White,1.09,32.00,45
13,Weedle,Bug,Venenoso,195,40,35,30,20,20,50,1,0,Marron,0.30,3.20,255
14,Kakuna,Bug,Venenoso,205,45,25,50,25,25,35,1,0,Amarelo,0.61,10.00,120
15,Beedrill,Bug,Venenoso,395,65,90,40,45,80,75,1,0,Amarelo,0.99,29.50,45
16,Pidgey,Normal,Voador,251,40,45,40,35,35,56,1,0,Marron,0.30,1.80,255
17,Pidgeotto,Normal,Voador,349,63,60,55,50,50,71,1,0,Marron,1.09,30.00,120
18,Pidgeot,Normal,Voador,479,83,80,75,70,70,101,1,0,Marron,1.50,39.50,45
19,Rattata,Normal,,253,30,56,35,25,35,72,1,0,Roxo,0.30,3.50,255
20,Raticate,Normal,,413,55,81,60,50,70,97,1,0,Marron,0.71,18.50,127
21,Spearow,Normal,Voador,262,40,60,30,31,31,70,1,0,Marron,0.30,2.00,255
22,Fearow,Normal,Voador,442,65,90,65,61,61,100,1,0,Marron,1.19,38.00,90
23,Ekans,Venenoso,,288,35,60,44,40,54,55,1,0,Roxo,2.01,6.90,255
24,Arbok,Venenoso,,438,60,85,69,65,79,80,1,0,Roxo,3.51,65.00,90
25,Pikachu,Electric,,320,35,55,40,50,50,90,1,0,Amarelo,0.41,6.00,190
26,Raichu,Electric,,485,60,90,55,90,80,110,1,0,Amarelo,0.79,30.00,75
27,Sandshrew,Terra,,300,50,75,85,20,30,40,1,0,Amarelo,0.61,12.00,255
28,Sandslash,Terra,,450,75,100,110,45,55,65,1,0,Amarelo,0.99,29.50,90
29,Nidoran♀,Venenoso,,275,55,47,52,40,40,41,1,0,Blue,0.41,7.00,235
30,Nidorina,Venenoso,,365,70,62,67,55,55,56,1,0,Blue,0.79,20.00,120
31,Nidoqueen,Venenoso,Terra,505,90,92,87,75,85,76,1,0,Blue,1.30,60.00,45
32,Nidoran♂,Venenoso,,273,46,57,40,40,40,50,1,0,Roxo,0.51,9.00,235
33,Nidorino,Venenoso,,365,61,72,57,55,55,65,1,0,Roxo,0.89,19.50,120
34,Nidoking,Venenoso,Terra,505,81,102,77,85,75,85,1,0,Roxo,1.40,62.00,45
35,Clefairy,Fada,,323,70,45,48,60,65,35,1,0,Rosa,0.61,7.50,150
36,Clefable,Fada,,483,95,70,73,95,90,60,1,0,Rosa,1.30,40.00,25
37,Vulpix,Fire,,299,38,41,40,50,65,65,1,0,Marron,0.61,9.90,190
38,Ninetales,Fire,,505,73,76,75,81,100,100,1,0,Amarelo,1.09,19.90,75
39,Jigglypuff,Normal,Fada,270,115,45,20,45,25,20,1,0,Rosa,0.51,5.50,170
40,Wigglytuff,Normal,Fada,435,140,70,45,85,50,45,1,0,Rosa,0.99,12.00,50
41,Zubat,Venenoso,Voador,245,40,45,35,30,40,55,1,0,Roxo,0.79,7.50,255
42,Golbat,Venenoso,Voador,455,75,80,70,65,75,90,1,0,Roxo,1.60,55.00,90
43,Oddish,Planta,Venenoso,320,45,50,55,75,65,30,1,0,Blue,0.51,5.40,255
44,Gloom,Planta,Venenoso,395,60,65,70,85,75,40,1,0,Blue,0.79,8.60,120
45,Vileplume,Planta,Venenoso,490,75,80,85,110,90,50,1,0,Red,1.19,18.60,45
46,Paras,Bug,Planta,285,35,70,55,45,55,25,1,0,Red,0.30,5.40,190
47,Parasect,Bug,Planta,405,60,95,80,60,80,30,1,0,Red,0.99,29.50,75
48,Venonat,Bug,Venenoso,305,60,55,50,40,55,45,1,0,Roxo,0.99,30.00,190
49,Venomoth,Bug,Venenoso,450,70,65,60,90,75,90,1,0,Roxo,1.50,12.50,75
50,Diglett,Terra,,265,10,55,25,35,45,95,1,0,Marron,0.20,0.80,255
51,Dugtrio,Terra,,405,35,80,50,50,70,120,1,0,Marron,0.71,33.30,50
52,Meowth,Normal,,290,40,45,35,40,40,90,1,0,Amarelo,0.41,4.20,255
53,Persian,Normal,,440,65,70,60,65,65,115,1,0,Amarelo,0.99,32.00,90
54,Psyduck,Water,,320,50,52,48,65,50,55,1,0,Amarelo,0.79,19.60,190
55,Golduck,Water,,500,80,82,78,95,80,85,1,0,Blue,1.70,76.60,75
56,Mankey,Lutador,,305,40,80,35,35,45,70,1,0,Marron,0.51,28.00,190
57,Primeape,Lutador,,455,65,105,60,60,70,95,1,0,Marron,0.99,32.00,75
58,Growlithe,Fire,,350,55,70,45,70,50,60,1,0,Marron,0.71,19.00,190
59,Arcanine,Fire,,555,90,110,80,100,80,95,1,0,Marron,1.91,155.00,75
60,Poliwag,Water,,300,40,50,40,40,40,90,1,0,Blue,0.61,12.40,255
61,Poliwhirl,Water,,385,65,65,65,50,50,90,1,0,Blue,0.99,20.00,120
62,Poliwrath,Water,Lutador,510,90,95,95,70,90,70,1,0,Blue,1.30,54.00,45
63,Abra,Psychic,,310,25,20,15,105,55,90,1,0,Marron,0.89,19.50,200
64,Kadabra,Psychic,,400,40,35,30,120,70,105,1,0,Marron,1.30,56.50,100
65,Alakazam,Psychic,,500,55,50,45,135,95,120,1,0,Marron,1.50,48.00,50
66,Machop,Lutador,,305,70,80,50,35,35,35,1,0,Cinza,0.79,19.50,180
67,Machoke,Lutador,,405,80,100,70,50,60,45,1,0,Cinza,1.50,70.50,90
68,Machamp,Lutador,,505,90,130,80,65,85,55,1,0,Cinza,1.60,130.00,45
69,Bellsprout,Planta,Venenoso,300,50,75,35,70,30,40,1,0,Green,0.71,4.00,255
70,Weepinbell,Planta,Venenoso,390,65,90,50,85,45,55,1,0,Green,0.99,6.40,120
71,Victreebel,Planta,Venenoso,490,80,105,65,100,70,70,1,0,Green,1.70,15.50,45
72,Tentacool,Water,Venenoso,335,40,40,35,50,100,70,1,0,Blue,0.89,45.50,190
73,Tentacruel,Water,Venenoso,515,80,70,65,80,120,100,1,0,Blue,1.60,55.00,60
74,Geodude,Pedra,Terra,300,40,80,100,30,30,20,1,0,Marron,0.41,20.00,255
75,Graveler,Pedra,Terra,390,55,95,115,45,45,35,1,0,Marron,0.99,105.00,120
76,Golem,Pedra,Terra,495,80,120,130,55,65,45,1,0,Marron,1.40,300.00,45
77,Ponyta,Fire,,410,50,85,55,65,65,90,1,0,Amarelo,0.99,30.00,190
78,Rapidash,Fire,,500,65,100,70,80,80,105,1,0,Amarelo,1.70,95.00,60
79,Slowpoke,Water,Psychic,315,90,65,65,40,40,15,1,0,Rosa,1.19,36.00,190
80,Slowbro,Water,Psychic,490,95,75,110,100,80,30,1,0,Rosa,1.60,78.50,75
81,Magnemite,Electric,Aço,325,25,35,70,95,55,45,1,0,Cinza,0.30,6.00,190
82,Magneton,Electric,Aço,465,50,60,95,120,70,70,1,0,Cinza,0.99,60.00,60
83,Farfetch'd,Normal,Voador,352,52,65,55,58,62,60,1,0,Marron,0.79,15.00,45
84,Doduo,Normal,Voador,310,35,85,45,35,35,75,1,0,Marron,1.40,39.20,190
85,Dodrio,Normal,Voador,460,60,110,70,60,60,100,1,0,Marron,1.80,85.20,45
86,Seel,Water,,325,65,45,55,45,70,45,1,0,White,1.09,90.00,190
87,Dewgong,Water,Gelo,475,90,70,80,70,95,70,1,0,White,1.70,120.00,75
88,Grimer,Venenoso,,325,80,80,50,40,50,25,1,0,Roxo,0.89,30.00,190
89,Muk,Venenoso,,500,105,105,75,65,100,50,1,0,Roxo,1.19,30.00,75
90,Shellder,Water,,305,30,65,100,45,25,40,1,0,Roxo,0.30,4.00,190
91,Cloyster,Water,Gelo,525,50,95,180,85,45,70,1,0,Roxo,1.50,132.50,60
92,Gastly,Ghost,Venenoso,310,30,35,30,100,35,80,1,0,Roxo,1.30,0.10,190
93,Haunter,Ghost,Venenoso,405,45,50,45,115,55,95,1,0,Roxo,1.60,0.10,90
94,Gengar,Ghost,Venenoso,500,60,65,60,130,75,110,1,0,Roxo,1.50,40.50,45
95,Onix,Pedra,Terra,385,35,45,160,30,45,70,1,0,Cinza,8.79,210.00,45
96,Drowzee,Psychic,,328,60,48,45,43,90,42,1,0,Amarelo,0.99,32.40,190
97,Hypno,Psychic,,483,85,73,70,73,115,67,1,0,Amarelo,1.60,75.60,75
98,Krabby,Water,,325,30,105,90,25,25,50,1,0,Red,0.41,6.50,225
99,Kingler,Water,,475,55,130,115,50,50,75,1,0,Red,1.30,60.00,60
100,Voltorb,Electric,,330,40,30,50,55,55,100,1,0,Red,0.51,10.40,190
101,Electrode,Electric,,480,60,50,70,80,80,140,1,0,Red,1.19,66.60,60
102,Exeggcute,Planta,Psychic,325,60,40,80,60,45,40,1,0,Rosa,0.41,2.50,90
103,Exeggutor,Planta,Psychic,520,95,95,85,125,65,55,1,0,Amarelo,2.01,120.00,45
104,Cubone,Terra,,320,50,50,95,40,50,35,1,0,Marron,0.41,6.50,190
105,Marowak,Terra,,425,60,80,110,50,80,45,1,0,Marron,0.99,45.00,75
106,Hitmonlee,Lutador,,455,50,120,53,35,110,87,1,0,Marron,1.50,49.80,45
107,Hitmonchan,Lutador,,455,50,105,79,35,110,76,1,0,Marron,1.40,50.20,45
108,Lickitung,Normal,,385,90,55,75,60,75,30,1,0,Rosa,1.19,65.50,45
109,Koffing,Venenoso,,340,40,65,95,60,45,35,1,0,Roxo,0.61,1.00,190
110,Weezing,Venenoso,,490,65,90,120,85,70,60,1,0,Roxo,1.19,9.50,60
111,Rhyhorn,Terra,Pedra,345,80,85,95,30,30,25,1,0,Cinza,0.99,115.00,120
112,Rhydon,Terra,Pedra,485,105,130,120,45,45,40,1,0,Cinza,1.91,120.00,60
113,Chansey,Normal,,450,250,5,5,35,105,50,1,0,Rosa,1.09,34.60,30
114,Tangela,Planta,,435,65,55,115,100,40,60,1,0,Blue,0.99,35.00,45
115,Kangaskhan,Normal,,490,105,95,80,40,80,90,1,0,Marron,2.21,80.00,45
116,Horsea,Water,,295,30,40,70,70,25,60,1,0,Blue,0.41,8.00,225
117,Seadra,Water,,440,55,65,95,95,45,85,1,0,Blue,1.19,25.00,75
118,Goldeen,Water,,320,45,67,60,35,50,63,1,0,Red,0.61,15.00,225
119,Seaking,Water,,450,80,92,65,65,80,68,1,0,Red,1.30,39.00,60
120,Staryu,Water,,340,30,45,55,70,55,85,1,0,Marron,0.79,34.50,225
121,Starmie,Water,Psychic,520,60,75,85,100,85,115,1,0,Roxo,1.09,80.00,60
122,Mr._Mime,Psychic,Fada,460,40,45,65,100,120,90,1,0,Rosa,1.30,54.50,45
123,Scyther,Bug,Voador,500,70,110,80,55,80,105,1,0,Green,1.50,56.00,45
124,Jynx,Gelo,Psychic,455,65,50,35,115,95,95,1,0,Red,1.40,40.60,45
125,Electabuzz,Electric,,490,65,83,57,95,85,105,1,0,Amarelo,1.09,30.00,45
126,Magmar,Fire,,495,65,95,57,100,85,93,1,0,Red,1.30,44.50,45
127,Pinsir,Bug,,500,65,125,100,55,70,85,1,0,Marron,1.50,55.00,45
128,Tauros,Normal,,490,75,100,95,40,70,110,1,0,Marron,1.40,88.40,45
129,Magikarp,Water,,200,20,10,55,15,20,80,1,0,Red,0.89,10.00,255
130,Gyarados,Water,Voador,540,95,125,79,60,100,81,1,0,Blue,6.50,235.00,45
131,Lapras,Water,Gelo,535,130,85,80,85,95,60,1,0,Blue,2.49,220.00,45
132,Ditto,Normal,,288,48,48,48,48,48,48,1,0,Roxo,0.30,4.00,35
133,Eevee,Normal,,325,55,55,50,45,65,55,1,0,Marron,0.30,6.50,45
134,Vaporeon,Water,,525,130,65,60,110,95,65,1,0,Blue,0.99,29.00,45
135,Jolteon,Electric,,525,65,65,60,110,95,130,1,0,Amarelo,0.79,24.50,45
136,Flareon,Fire,,525,65,130,60,95,110,65,1,0,Red,0.89,25.00,45
137,Porygon,Normal,,395,65,60,70,85,75,40,1,0,Rosa,0.79,36.50,45
138,Omanyte,Pedra,Water,355,35,40,100,90,55,35,1,0,Blue,0.41,7.50,45
139,Omastar,Pedra,Water,495,70,60,125,115,70,55,1,0,Blue,0.99,35.00,45
140,Kabuto,Pedra,Water,355,30,80,90,55,45,55,1,0,Marron,0.51,11.50,45
141,Kabutops,Pedra,Water,495,60,115,105,65,70,80,1,0,Marron,1.30,40.50,45
142,Aerodactyl,Pedra,Voador,515,80,105,65,60,75,130,1,0,Roxo,1.80,59.00,45
143,Snorlax,Normal,,540,160,110,65,65,110,30,1,0,Black,2.11,460.00,25
144,Articuno,Gelo,Voador,580,90,85,100,95,125,85,1,1,Blue,1.70,55.40,3
145,Zapdos,Electric,Voador,580,90,90,85,125,90,100,1,1,Amarelo,1.60,52.60,3
146,Moltres,Fire,Voador,580,90,100,90,125,85,90,1,1,Amarelo,2.01,60.00,3
147,Dratini,Dragon,,300,41,64,45,50,50,50,1,0,Blue,1.80,3.30,45
148,Dragonair,Dragon,,420,61,84,65,70,70,70,1,0,Blue,3.99,16.50,45
149,Dragonite,Dragon,Voador,600,91,134,95,100,100,80,1,0,Marron,2.21,210.00,45
150,Mewtwo,Psychic,,680,106,110,90,154,90,130,1,1,Roxo,2.01,122.00,3
151,Mew,Psychic,,600,100,100,100,100,100,100,1,0,Rosa,0.41,4.00,45
152,Chikorita,Planta,,318,45,49,65,49,65,45,2,0,Green,0.89,6.40,45
153,Bayleef,Planta,,405,60,62,80,63,80,60,2,0,Green,1.19,15.80,45
154,Meganium,Planta,,525,80,82,100,83,100,80,2,0,Green,1.80,100.50,45
155,Cyndaquil,Fire,,309,39,52,43,60,50,65,2,0,Amarelo,0.51,7.90,45
156,Quilava,Fire,,405,58,64,58,80,65,80,2,0,Amarelo,0.89,19.00,45
157,Typhlosion,Fire,,534,78,84,78,109,85,100,2,0,Amarelo,1.70,79.50,45
158,Totodile,Water,,314,50,65,64,44,48,43,2,0,Blue,0.61,9.50,45
159,Croconaw,Water,,405,65,80,80,59,63,58,2,0,Blue,1.09,25.00,45
160,Feraligatr,Water,,530,85,105,100,79,83,78,2,0,Blue,2.31,88.80,45
161,Sentret,Normal,,215,35,46,34,35,45,20,2,0,Marron,0.79,6.00,255
162,Furret,Normal,,415,85,76,64,45,55,90,2,0,Marron,1.80,32.50,90
163,Hoothoot,Normal,Voador,262,60,30,30,36,56,50,2,0,Marron,0.71,21.20,255
164,Noctowl,Normal,Voador,442,100,50,50,76,96,70,2,0,Marron,1.60,40.80,90
165,Ledyba,Bug,Voador,265,40,20,30,40,80,55,2,0,Red,0.99,10.80,255
166,Ledian,Bug,Voador,390,55,35,50,55,110,85,2,0,Red,1.40,35.60,90
167,Spinarak,Bug,Venenoso,250,40,60,40,40,40,30,2,0,Green,0.51,8.50,255
168,Ariados,Bug,Venenoso,390,70,90,70,60,60,40,2,0,Red,1.09,33.50,90
169,Crobat,Venenoso,Voador,535,85,90,80,70,80,130,2,0,Roxo,1.80,75.00,90
170,Chinchou,Water,Electric,330,75,38,38,56,56,67,2,0,Blue,0.51,12.00,190
171,Lanturn,Water,Electric,460,125,58,58,76,76,67,2,0,Blue,1.19,22.50,75
172,Pichu,Electric,,205,20,40,15,35,35,60,2,0,Amarelo,0.30,2.00,190
173,Cleffa,Fada,,218,50,25,28,45,55,15,2,0,Rosa,0.30,3.00,150
174,Igglybuff,Normal,Fada,210,90,30,15,40,20,15,2,0,Rosa,0.30,1.00,170
175,Togepi,Fada,,245,35,20,65,40,65,20,2,0,White,0.30,1.50,190
176,Togetic,Fada,Voador,405,55,40,85,80,105,40,2,0,White,0.61,3.20,75
177,Natu,Psychic,Voador,320,40,50,45,70,45,70,2,0,Green,0.20,2.00,190
178,Xatu,Psychic,Voador,470,65,75,70,95,70,95,2,0,Green,1.50,15.00,75
179,Mareep,Electric,,280,55,40,40,65,45,35,2,0,White,0.61,7.80,235
180,Flaaffy,Electric,,365,70,55,55,80,60,45,2,0,Rosa,0.79,13.30,120
181,Ampharos,Electric,,510,90,75,85,115,90,55,2,0,Amarelo,1.40,61.50,45
182,Bellossom,Planta,,490,75,80,95,90,100,50,2,0,Green,0.41,5.80,45
183,Marill,Water,Fada,250,70,20,50,20,50,40,2,0,Blue,0.41,8.50,190
184,Azumarill,Water,Fada,420,100,50,80,60,80,50,2,0,Blue,0.79,28.50,75
185,Sudowoodo,Pedra,,410,70,100,115,30,65,30,2,0,Marron,1.19,38.00,65
186,Politoed,Water,,500,90,75,75,90,100,70,2,0,Green,1.09,33.90,45
187,Hoppip,Planta,Voador,250,35,35,40,35,55,50,2,0,Rosa,0.41,0.50,255
188,Skiploom,Planta,Voador,340,55,45,50,45,65,80,2,0,Green,0.61,1.00,120
189,Jumpluff,Planta,Voador,460,75,55,70,55,95,110,2,0,Blue,0.79,3.00,45
190,Aipom,Normal,,360,55,70,55,40,55,85,2,0,Roxo,0.79,11.50,45
191,Sunkern,Planta,,180,30,30,30,30,30,30,2,0,Amarelo,0.30,1.80,235
192,Sunflora,Planta,,425,75,75,55,105,85,30,2,0,Amarelo,0.79,8.50,120
193,Yanma,Bug,Voador,390,65,65,45,75,45,95,2,0,Red,1.19,38.00,75
194,Wooper,Water,Terra,210,55,45,45,25,25,15,2,0,Blue,0.41,8.50,255
195,Quagsire,Water,Terra,430,95,85,85,65,65,35,2,0,Blue,1.40,75.00,90
196,Espeon,Psychic,,525,65,65,60,130,95,110,2,0,Roxo,0.89,26.50,45
197,Umbreon,Sombrio,,525,95,65,110,60,130,65,2,0,Black,0.99,27.00,45
198,Murkrow,Sombrio,Voador,405,60,85,42,85,42,91,2,0,Black,0.51,2.10,30
199,Slowking,Water,Psychic,490,95,75,80,100,110,30,2,0,Rosa,2.01,79.50,70
200,Misdreavus,Ghost,,435,60,60,60,85,85,85,2,0,Roxo,0.71,1.00,45
201,Unown,Psychic,,336,48,72,48,72,48,48,2,0,Black,0.51,5.00,225
202,Wobbuffet,Psychic,,405,190,33,58,33,58,33,2,0,Blue,1.30,28.50,45
203,Girafarig,Normal,Psychic,455,70,80,65,90,65,85,2,0,Amarelo,1.50,41.50,60
204,Pineco,Bug,,290,50,65,90,35,35,15,2,0,Cinza,0.61,7.20,190
205,Forretress,Bug,Aço,465,75,90,140,60,60,40,2,0,Roxo,1.19,125.80,75
206,Dunsparce,Normal,,415,100,70,70,65,65,45,2,0,Amarelo,1.50,14.00,190
207,Gligar,Terra,Voador,430,65,75,105,35,65,85,2,0,Roxo,1.09,64.80,60
208,Steelix,Aço,Terra,510,75,85,200,55,65,30,2,0,Cinza,9.19,400.00,25
209,Snubbull,Fada,,300,60,80,50,40,40,30,2,0,Rosa,0.61,7.80,190
210,Granbull,Fada,,450,90,120,75,60,60,45,2,0,Roxo,1.40,48.70,75
211,Qwilfish,Water,Venenoso,430,65,95,75,55,55,85,2,0,Cinza,0.51,3.90,45
212,Scizor,Bug,Aço,500,70,130,100,55,80,65,2,0,Red,1.80,118.00,25
213,Shuckle,Bug,Pedra,505,20,10,230,10,230,5,2,0,Amarelo,0.61,20.50,190
214,Heracross,Bug,Lutador,500,80,125,75,40,95,85,2,0,Blue,1.50,54.00,45
215,Sneasel,Sombrio,Gelo,430,55,95,55,35,75,115,2,0,Black,0.89,28.00,60
216,Teddiursa,Normal,,330,60,80,50,50,50,40,2,0,Marron,0.61,8.80,120
217,Ursaring,Normal,,500,90,130,75,75,75,55,2,0,Marron,1.80,125.80,60
218,Slugma,Fire,,250,40,40,40,70,40,20,2,0,Red,0.71,35.00,190
219,Magcargo,Fire,Pedra,410,50,50,120,80,80,30,2,0,Red,0.79,55.00,75
220,Swinub,Gelo,Terra,250,50,50,40,30,30,50,2,0,Marron,0.41,6.50,225
221,Piloswine,Gelo,Terra,450,100,100,80,60,60,50,2,0,Marron,1.09,55.80,75
222,Corsola,Water,Pedra,380,55,55,85,65,85,35,2,0,Rosa,0.61,5.00,60
223,Remoraid,Water,,300,35,65,35,65,35,65,2,0,Cinza,0.61,12.00,190
224,Octillery,Water,,480,75,105,75,105,75,45,2,0,Red,0.89,28.50,75
225,Delibird,Gelo,Voador,330,45,55,45,65,45,75,2,0,Red,0.89,16.00,45
226,Mantine,Water,Voador,465,65,40,70,80,140,70,2,0,Roxo,2.11,220.00,25
227,Skarmory,Aço,Voador,465,65,80,140,40,70,70,2,0,Cinza,1.70,50.50,25
228,Houndour,Sombrio,Fire,330,45,60,30,80,50,65,2,0,Black,0.61,10.80,120
229,Houndoom,Sombrio,Fire,500,75,90,50,110,80,95,2,0,Black,1.40,35.00,45
230,Kingdra,Water,Dragon,540,75,95,95,95,95,85,2,0,Blue,1.80,152.00,45
231,Phanpy,Terra,,330,90,60,60,40,40,40,2,0,Blue,0.51,33.50,120
232,Donphan,Terra,,500,90,120,120,60,60,50,2,0,Cinza,1.09,120.00,60
233,Porygon2,Normal,,515,85,80,90,105,95,60,2,0,Red,0.61,32.50,45
234,Stantler,Normal,,465,73,95,62,85,65,85,2,0,Marron,1.40,71.20,45
235,Smeargle,Normal,,250,55,20,35,20,45,75,2,0,White,1.19,58.00,45
236,Tyrogue,Lutador,,210,35,35,35,35,35,35,2,0,Roxo,0.71,21.00,75
237,Hitmontop,Lutador,,455,50,95,95,35,110,70,2,0,Marron,1.40,48.00,45
238,Smoochum,Gelo,Psychic,305,45,30,15,85,65,65,2,0,Rosa,0.41,6.00,45
239,Elekid,Electric,,360,45,63,37,65,55,95,2,0,Amarelo,0.61,23.50,45
240,Magby,Fire,,365,45,75,37,70,55,83,2,0,Red,0.71,21.40,45
241,Miltank,Normal,,490,95,80,105,40,70,100,2,0,Rosa,1.19,75.50,45
242,Blissey,Normal,,540,255,10,10,75,135,55,2,0,Rosa,1.50,46.80,30
243,Raikou,Electric,,580,90,85,75,115,100,115,2,1,Amarelo,1.91,178.00,3
244,Entei,Fire,,580,115,115,85,90,75,100,2,1,Marron,2.11,198.00,3
245,Suicune,Water,,580,100,75,115,90,115,85,2,1,Blue,2.01,187.00,3
246,Larvitar,Pedra,Terra,300,50,64,50,45,50,41,2,0,Green,0.61,72.00,45
247,Pupitar,Pedra,Terra,410,70,84,70,65,70,51,2,0,Cinza,1.19,152.00,45
248,Tyranitar,Pedra,Sombrio,600,100,134,110,95,100,61,2,0,Green,2.01,202.00,45
249,Lugia,Psychic,Voador,680,106,90,130,90,154,110,2,1,White,5.21,216.00,3
250,Ho-Oh,Fire,Voador,680,106,130,90,110,154,90,2,1,Red,3.81,199.00,3
251,Celebi,Psychic,Planta,600,100,100,100,100,100,100,2,0,Green,0.61,5.00,45
252,Treecko,Planta,,310,40,45,35,65,55,70,3,0,Green,0.51,5.00,45
253,Grovyle,Planta,,405,50,65,45,85,65,95,3,0,Green,0.89,21.60,45
254,Sceptile,Planta,,530,70,85,65,105,85,120,3,0,Green,1.70,52.20,45
255,Torchic,Fire,,310,45,60,40,70,50,45,3,0,Red,0.41,2.50,45
256,Combusken,Fire,Lutador,405,60,85,60,85,60,55,3,0,Red,0.89,19.50,45
257,Blaziken,Fire,Lutador,530,80,120,70,110,70,80,3,0,Red,1.91,52.00,45
258,Mudkip,Water,,310,50,70,50,50,50,40,3,0,Blue,0.41,7.60,45
259,Marshtomp,Water,Terra,405,70,85,70,60,70,50,3,0,Blue,0.71,28.00,45
260,Swampert,Water,Terra,535,100,110,90,85,90,60,3,0,Blue,1.50,81.90,45
261,Poochyena,Sombrio,,220,35,55,35,30,30,35,3,0,Cinza,0.51,13.60,255
262,Mightyena,Sombrio,,420,70,90,70,60,60,70,3,0,Cinza,0.99,37.00,127
263,Zigzagoon,Normal,,240,38,30,41,30,41,60,3,0,Marron,0.41,17.50,255
264,Linoone,Normal,,420,78,70,61,50,61,100,3,0,White,0.51,32.50,90
265,Wurmple,Bug,,195,45,45,35,20,30,20,3,0,Red,0.30,3.60,255
266,Silcoon,Bug,,205,50,35,55,25,25,15,3,0,White,0.61,10.00,120
267,Beautifly,Bug,Voador,395,60,70,50,100,50,65,3,0,Amarelo,0.99,28.40,45
268,Cascoon,Bug,,205,50,35,55,25,25,15,3,0,Roxo,0.71,11.50,120
269,Dustox,Bug,Venenoso,385,60,50,70,50,90,65,3,0,Green,1.19,31.60,45
270,Lotad,Water,Planta,220,40,30,30,40,50,30,3,0,Green,0.51,2.60,255
271,Lombre,Water,Planta,340,60,50,50,60,70,50,3,0,Green,1.19,32.50,120
272,Ludicolo,Water,Planta,480,80,70,70,90,100,70,3,0,Green,1.50,55.00,45
273,Seedot,Planta,,220,40,40,50,30,30,30,3,0,Marron,0.51,4.00,255
274,Nuzleaf,Planta,Sombrio,340,70,70,40,60,40,60,3,0,Marron,0.99,28.00,120
275,Shiftry,Planta,Sombrio,480,90,100,60,90,60,80,3,0,Marron,1.30,59.60,45
276,Taillow,Normal,Voador,270,40,55,30,30,30,85,3,0,Blue,0.30,2.30,200
277,Swellow,Normal,Voador,430,60,85,60,50,50,125,3,0,Blue,0.71,19.80,45
278,Wingull,Water,Voador,270,40,30,30,55,30,85,3,0,White,0.61,9.50,190
279,Pelipper,Water,Voador,430,60,50,100,85,70,65,3,0,Amarelo,1.19,28.00,45
280,Ralts,Psychic,Fada,198,28,25,25,45,35,40,3,0,White,0.41,6.60,235
281,Kirlia,Psychic,Fada,278,38,35,35,65,55,50,3,0,White,0.79,20.20,120
282,Gardevoir,Psychic,Fada,518,68,65,65,125,115,80,3,0,White,1.60,48.40,45
283,Surskit,Bug,Water,269,40,30,32,50,52,65,3,0,Blue,0.51,1.70,200
284,Masquerain,Bug,Voador,414,70,60,62,80,82,60,3,0,Blue,0.79,3.60,75
285,Shroomish,Planta,,295,60,40,60,40,60,35,3,0,Marron,0.41,4.50,255
286,Breloom,Planta,Lutador,460,60,130,80,60,60,70,3,0,Green,1.19,39.20,90
287,Slakoth,Normal,,280,60,60,60,35,35,30,3,0,Marron,0.79,24.00,255
288,Vigoroth,Normal,,440,80,80,80,55,55,90,3,0,White,1.40,46.50,120
289,Slaking,Normal,,670,150,160,100,95,65,100,3,0,Marron,2.01,130.50,45
290,Nincada,Bug,Terra,266,31,45,90,30,30,40,3,0,Cinza,0.51,5.50,255
291,Ninjask,Bug,Voador,456,61,90,45,50,50,160,3,0,Amarelo,0.79,12.00,120
292,Shedinja,Bug,Ghost,236,1,90,45,30,30,40,3,0,Marron,0.79,1.20,45
293,Whismur,Normal,,240,64,51,23,51,23,28,3,0,Rosa,0.61,16.30,190
294,Loudred,Normal,,360,84,71,43,71,43,48,3,0,Blue,0.99,40.50,120
295,Exploud,Normal,,490,104,91,63,91,73,68,3,0,Blue,1.50,84.00,45
296,Makuhita,Lutador,,237,72,60,30,20,30,25,3,0,Amarelo,0.99,86.40,180
297,Hariyama,Lutador,,474,144,120,60,40,60,50,3,0,Marron,2.31,253.80,200
298,Azurill,Normal,Fada,190,50,20,40,20,40,20,3,0,Blue,0.20,2.00,150
299,Nosepass,Pedra,,375,30,45,135,45,90,30,3,0,Cinza,0.99,97.00,255
300,Skitty,Normal,,260,50,45,45,35,35,50,3,0,Rosa,0.61,11.00,255
301,Delcatty,Normal,,380,70,65,65,55,55,70,3,0,Roxo,1.09,32.60,60
302,Sableye,Sombrio,Ghost,380,50,75,75,65,65,50,3,0,Roxo,0.51,11.00,45
303,Mawile,Aço,Fada,380,50,85,85,55,55,50,3,0,Black,0.61,11.50,45
304,Aron,Aço,Pedra,330,50,70,100,40,40,30,3,0,Cinza,0.41,60.00,180
305,Lairon,Aço,Pedra,430,60,90,140,50,50,40,3,0,Cinza,0.89,120.00,90
306,Aggron,Aço,Pedra,530,70,110,180,60,60,50,3,0,Cinza,2.11,360.00,45
307,Meditite,Lutador,Psychic,280,30,40,55,40,55,60,3,0,Blue,0.61,11.20,180
308,Medicham,Lutador,Psychic,410,60,60,75,60,75,80,3,0,Red,1.30,31.50,90
309,Electrike,Electric,,295,40,45,40,65,40,65,3,0,Green,0.61,15.20,120
310,Manectric,Electric,,475,70,75,60,105,60,105,3,0,Amarelo,1.50,40.20,45
311,Plusle,Electric,,405,60,50,40,85,75,95,3,0,Amarelo,0.41,4.20,200
312,Minun,Electric,,405,60,40,50,75,85,95,3,0,Amarelo,0.41,4.20,200
313,Volbeat,Bug,,400,65,73,55,47,75,85,3,0,Cinza,0.71,17.70,150
314,Illumise,Bug,,400,65,47,55,73,75,85,3,0,Roxo,0.61,17.70,150
315,Roselia,Planta,Venenoso,400,50,60,45,100,80,65,3,0,Green,0.30,2.00,150
316,Gulpin,Venenoso,,302,70,43,53,43,53,40,3,0,Green,0.41,10.30,225
317,Swalot,Venenoso,,467,100,73,83,73,83,55,3,0,Roxo,1.70,80.00,75
318,Carvanha,Water,Sombrio,305,45,90,20,65,20,65,3,0,Red,0.79,20.80,225
319,Sharpedo,Water,Sombrio,460,70,120,40,95,40,95,3,0,Blue,1.80,88.80,60
320,Wailmer,Water,,400,130,70,35,70,35,60,3,0,Blue,2.01,130.00,125
321,Wailord,Water,,500,170,90,45,90,45,60,3,0,Blue,14.50,398.00,60
322,Numel,Fire,Terra,305,60,60,40,65,45,35,3,0,Amarelo,0.71,24.00,255
323,Camerupt,Fire,Terra,460,70,100,70,105,75,40,3,0,Red,1.91,220.00,150
324,Torkoal,Fire,,470,70,85,140,85,70,20,3,0,Marron,0.51,80.40,90
325,Spoink,Psychic,,330,60,25,35,70,80,60,3,0,Black,0.71,30.60,255
326,Grumpig,Psychic,,470,80,45,65,90,110,80,3,0,Roxo,0.89,71.50,60
327,Spinda,Normal,,360,60,60,60,60,60,60,3,0,Marron,1.09,5.00,255
328,Trapinch,Terra,,290,45,100,45,45,45,10,3,0,Marron,0.71,15.00,255
329,Vibrava,Terra,Dragon,340,50,70,50,50,50,70,3,0,Green,1.09,15.30,120
330,Flygon,Terra,Dragon,520,80,100,80,80,80,100,3,0,Green,2.01,82.00,45
331,Cacnea,Planta,,335,50,85,40,85,40,35,3,0,Green,0.41,51.30,190
332,Cacturne,Planta,Sombrio,475,70,115,60,115,60,55,3,0,Green,1.30,77.40,60
333,Swablu,Normal,Voador,310,45,40,60,40,75,50,3,0,Blue,0.41,1.20,255
334,Altaria,Dragon,Voador,490,75,70,90,70,105,80,3,0,Blue,1.09,20.60,45
335,Zangoose,Normal,,458,73,115,60,60,60,90,3,0,White,1.30,40.30,90
336,Seviper,Venenoso,,458,73,100,60,100,60,65,3,0,Black,2.69,52.50,90
337,Lunatone,Pedra,Psychic,440,70,55,65,95,85,70,3,0,Amarelo,0.99,168.00,45
338,Solrock,Pedra,Psychic,440,70,95,85,55,65,70,3,0,Red,1.19,154.00,45
339,Barboach,Water,Terra,288,50,48,43,46,41,60,3,0,Cinza,0.41,1.90,190
340,Whiscash,Water,Terra,468,110,78,73,76,71,60,3,0,Blue,0.89,23.60,75
341,Corphish,Water,,308,43,80,65,50,35,35,3,0,Red,0.61,11.50,205
342,Crawdaunt,Water,Sombrio,468,63,120,85,90,55,55,3,0,Red,1.09,32.80,155
343,Baltoy,Terra,Psychic,300,40,40,55,40,70,55,3,0,Marron,0.51,21.50,255
344,Claydol,Terra,Psychic,500,60,70,105,70,120,75,3,0,Black,1.50,108.00,90
345,Lileep,Pedra,Planta,355,66,41,77,61,87,23,3,0,Roxo,0.99,23.80,45
346,Cradily,Pedra,Planta,495,86,81,97,81,107,43,3,0,Green,1.50,60.40,45
347,Anorith,Pedra,Bug,355,45,95,50,40,50,75,3,0,Cinza,0.71,12.50,45
348,Armaldo,Pedra,Bug,495,75,125,100,70,80,45,3,0,Cinza,1.50,68.20,45
349,Feebas,Water,,200,20,15,20,10,55,80,3,0,Marron,0.61,7.40,255
350,Milotic,Water,,540,95,60,79,100,125,81,3,0,Rosa,6.20,162.00,60
351,Castform,Normal,,420,70,70,70,70,70,70,3,0,White,0.30,0.80,45
352,Kecleon,Normal,,440,60,90,70,60,120,40,3,0,Green,0.99,22.00,200
353,Shuppet,Ghost,,295,44,75,35,63,33,45,3,0,Black,0.61,2.30,225
354,Banette,Ghost,,455,64,115,65,83,63,65,3,0,Black,1.09,12.50,45
355,Duskull,Ghost,,295,20,40,90,30,90,25,3,0,Black,0.79,15.00,190
356,Dusclops,Ghost,,455,40,70,130,60,130,25,3,0,Black,1.60,30.60,90
357,Tropius,Planta,Voador,460,99,68,83,72,87,51,3,0,Green,2.01,100.00,200
358,Chimecho,Psychic,,425,65,50,70,95,80,65,3,0,Blue,0.61,1.00,45
359,Absol,Sombrio,,465,65,130,60,75,60,75,3,0,White,1.19,47.00,30
360,Wynaut,Psychic,,260,95,23,48,23,48,23,3,0,Blue,0.61,14.00,125
361,Snorunt,Gelo,,300,50,50,50,50,50,50,3,0,Cinza,0.71,16.80,190
362,Glalie,Gelo,,480,80,80,80,80,80,80,3,0,Cinza,1.50,256.50,75
363,Spheal,Gelo,Water,290,70,40,50,55,50,25,3,0,Blue,0.79,39.50,255
364,Sealeo,Gelo,Water,410,90,60,70,75,70,45,3,0,Blue,1.09,87.60,120
365,Walrein,Gelo,Water,530,110,80,90,95,90,65,3,0,Blue,1.40,150.60,45
366,Clamperl,Water,,345,35,64,85,74,55,32,3,0,Blue,0.41,52.50,255
367,Huntail,Water,,485,55,104,105,94,75,52,3,0,Blue,1.70,27.00,60
368,Gorebyss,Water,,485,55,84,105,114,75,52,3,0,Rosa,1.80,22.60,60
369,Relicanth,Water,Pedra,485,100,90,130,45,65,55,3,0,Cinza,0.99,23.40,25
370,Luvdisc,Water,,330,43,30,55,40,65,97,3,0,Rosa,0.61,8.70,225
371,Bagon,Dragon,,300,45,75,60,40,30,50,3,0,Blue,0.61,42.10,45
372,Shelgon,Dragon,,420,65,95,100,60,50,50,3,0,White,1.09,110.50,45
373,Salamence,Dragon,Voador,600,95,135,80,110,80,100,3,0,Blue,1.50,102.60,45
374,Beldum,Aço,Psychic,300,40,55,80,35,60,30,3,0,Blue,0.61,95.20,3
375,Metang,Aço,Psychic,420,60,75,100,55,80,50,3,0,Blue,1.19,202.50,3
376,Metagross,Aço,Psychic,600,80,135,130,95,90,70,3,0,Blue,1.60,550.00,3
377,Regirock,Pedra,,580,80,100,200,50,100,50,3,1,Marron,1.70,230.00,3
378,Regice,Gelo,,580,80,50,100,100,200,50,3,1,Blue,1.80,175.00,3
379,Registeel,Aço,,580,80,75,150,75,150,50,3,1,Cinza,1.91,205.00,3
380,Latias,Dragon,Psychic,600,80,80,90,110,130,110,3,1,Red,1.40,40.00,3
381,Latios,Dragon,Psychic,600,80,90,80,130,110,110,3,1,Blue,2.01,60.00,3
382,Kyogre,Water,,670,100,100,90,150,140,90,3,1,Blue,4.50,352.00,3
383,Groudon,Terra,,670,100,150,140,100,90,90,3,1,Red,3.51,950.00,3
384,Rayquaza,Dragon,Voador,680,105,150,90,150,90,95,3,1,Green,7.01,206.50,45
385,Jirachi,Aço,Psychic,600,100,100,100,100,100,100,3,1,Amarelo,0.30,1.10,3
386,Deoxys,Psychic,,600,50,150,50,150,50,150,3,1,Red,1.70,60.80,3
387,Turtwig,Planta,,318,55,68,64,45,55,31,4,0,Green,0.41,10.20,45
388,Grotle,Planta,,405,75,89,85,55,65,36,4,0,Green,1.09,97.00,45
389,Torterra,Planta,Terra,525,95,109,105,75,85,56,4,0,Green,2.21,310.00,45
390,Chimchar,Fire,,309,44,58,44,58,44,61,4,0,Marron,0.51,6.20,45
391,Monferno,Fire,Lutador,405,64,78,52,78,52,81,4,0,Marron,0.89,22.00,45
392,Infernape,Fire,Lutador,534,76,104,71,104,71,108,4,0,Marron,1.19,55.00,45
393,Piplup,Water,,314,53,51,53,61,56,40,4,0,Blue,0.41,5.20,45
394,Prinplup,Water,,405,64,66,68,81,76,50,4,0,Blue,0.79,23.00,45
395,Empoleon,Water,Aço,530,84,86,88,111,101,60,4,0,Blue,1.70,84.50,45
396,Starly,Normal,Voador,245,40,55,30,30,30,60,4,0,Marron,0.30,2.00,255
397,Staravia,Normal,Voador,340,55,75,50,40,40,80,4,0,Marron,0.61,15.50,120
398,Staraptor,Normal,Voador,485,85,120,70,50,60,100,4,0,Marron,1.19,24.90,45
399,Bidoof,Normal,,250,59,45,40,35,40,31,4,0,Marron,0.51,20.00,255
400,Bibarel,Normal,Water,410,79,85,60,55,60,71,4,0,Marron,0.99,31.50,127
401,Kricketot,Bug,,194,37,25,41,25,41,25,4,0,Red,0.30,2.20,255
402,Kricketune,Bug,,384,77,85,51,55,51,65,4,0,Red,0.99,25.50,45
403,Shinx,Electric,,263,45,65,34,40,34,45,4,0,Blue,0.51,9.50,235
404,Luxio,Electric,,363,60,85,49,60,49,60,4,0,Blue,0.89,30.50,120
405,Luxray,Electric,,523,80,120,79,95,79,70,4,0,Blue,1.40,42.00,45
406,Budew,Planta,Venenoso,280,40,30,35,50,70,55,4,0,Green,0.20,1.20,255
407,Roserade,Planta,Venenoso,515,60,70,65,125,105,90,4,0,Green,0.89,14.50,75
408,Cranidos,Pedra,,350,67,125,40,30,30,58,4,0,Blue,0.89,31.50,45
409,Rampardos,Pedra,,495,97,165,60,65,50,58,4,0,Blue,1.60,102.50,45
410,Shieldon,Pedra,Aço,350,30,42,118,42,88,30,4,0,Cinza,0.51,57.00,45
411,Bastiodon,Pedra,Aço,495,60,52,168,47,138,30,4,0,Cinza,1.30,149.50,45
412,Burmy,Bug,,224,40,29,45,29,45,36,4,0,Cinza,0.20,3.40,120
413,Wormadam,Bug,Planta,424,60,59,85,79,105,36,4,0,Cinza,0.51,6.50,45
414,Mothim,Bug,Voador,424,70,94,50,94,50,66,4,0,Amarelo,0.89,23.30,45
415,Combee,Bug,Voador,244,30,30,42,30,42,70,4,0,Amarelo,0.30,5.50,120
416,Vespiquen,Bug,Voador,474,70,80,102,80,102,40,4,0,Amarelo,1.19,38.50,45
417,Pachirisu,Electric,,405,60,45,70,45,90,95,4,0,White,0.41,3.90,200
418,Buizel,Water,,330,55,65,35,60,30,85,4,0,Marron,0.71,29.50,190
419,Floatzel,Water,,495,85,105,55,85,50,115,4,0,Marron,1.09,33.50,75
420,Cherubi,Planta,,275,45,35,45,62,53,35,4,0,Rosa,0.41,3.30,190
421,Cherrim,Planta,,450,70,60,70,87,78,85,4,0,Rosa,0.51,9.30,75
422,Shellos,Water,,325,76,48,48,57,62,34,4,0,Roxo,0.30,6.30,190
423,Gastrodon,Water,Terra,475,111,83,68,92,82,39,4,0,Roxo,0.89,29.90,75
424,Ambipom,Normal,,482,75,100,66,60,66,115,4,0,Roxo,1.19,20.30,45
425,Drifloon,Ghost,Voador,348,90,50,34,60,44,70,4,0,Roxo,0.41,1.20,125
426,Drifblim,Ghost,Voador,498,150,80,44,90,54,80,4,0,Roxo,1.19,15.00,60
427,Buneary,Normal,,350,55,66,44,44,56,85,4,0,Marron,0.41,5.50,190
428,Lopunny,Normal,,480,65,76,84,54,96,105,4,0,Marron,1.19,33.30,60
429,Mismagius,Ghost,,495,60,60,60,105,105,105,4,0,Roxo,0.89,4.40,45
430,Honchkrow,Sombrio,Voador,505,100,125,52,105,52,71,4,0,Black,0.89,27.30,30
431,Glameow,Normal,,310,49,55,42,42,37,85,4,0,Cinza,0.51,3.90,190
432,Purugly,Normal,,452,71,82,64,64,59,112,4,0,Cinza,0.99,43.80,75
433,Chingling,Psychic,,285,45,30,50,65,50,45,4,0,Amarelo,0.20,0.60,120
434,Stunky,Venenoso,Sombrio,329,63,63,47,41,41,74,4,0,Roxo,0.41,19.20,225
435,Skuntank,Venenoso,Sombrio,479,103,93,67,71,61,84,4,0,Roxo,0.99,38.00,60
436,Bronzor,Aço,Psychic,300,57,24,86,24,86,23,4,0,Green,0.51,60.50,255
437,Bronzong,Aço,Psychic,500,67,89,116,79,116,33,4,0,Green,1.30,187.00,90
438,Bonsly,Pedra,,290,50,80,95,10,45,10,4,0,Marron,0.51,15.00,255
439,Mime_Jr.,Psychic,Fada,310,20,25,45,70,90,60,4,0,Rosa,0.61,13.00,145
440,Happiny,Normal,,220,100,5,5,15,65,30,4,0,Rosa,0.61,24.40,130
441,Chatot,Normal,Voador,411,76,65,45,92,42,91,4,0,Black,0.51,1.90,30
442,Spiritomb,Ghost,Sombrio,485,50,92,108,92,108,35,4,0,Roxo,0.99,108.00,100
443,Gible,Dragon,Terra,300,58,70,45,40,45,42,4,0,Blue,0.71,20.50,45
444,Gabite,Dragon,Terra,410,68,90,65,50,55,82,4,0,Blue,1.40,56.00,45
445,Garchomp,Dragon,Terra,600,108,130,95,80,85,102,4,0,Blue,1.91,95.00,45
446,Munchlax,Normal,,390,135,85,40,40,85,5,4,0,Black,0.61,105.00,50
447,Riolu,Lutador,,285,40,70,40,35,40,60,4,0,Blue,0.71,20.20,75
448,Lucario,Lutador,Aço,525,70,110,70,115,70,90,4,0,Blue,1.19,54.00,45
449,Hippopotas,Terra,,330,68,72,78,38,42,32,4,0,Marron,0.79,49.50,140
450,Hippowdon,Terra,,525,108,112,118,68,72,47,4,0,Marron,2.01,300.00,60
451,Skorupi,Venenoso,Bug,330,40,50,90,30,55,65,4,0,Roxo,0.79,12.00,120
452,Drapion,Venenoso,Sombrio,500,70,90,110,60,75,95,4,0,Roxo,1.30,61.50,45
453,Croagunk,Venenoso,Lutador,300,48,61,40,61,40,50,4,0,Blue,0.71,23.00,140
454,Toxicroak,Venenoso,Lutador,490,83,106,65,86,65,85,4,0,Blue,1.30,44.40,75
455,Carnivine,Planta,,454,74,100,72,90,72,46,4,0,Green,1.40,27.00,200
456,Finneon,Water,,330,49,49,56,49,61,66,4,0,Blue,0.41,7.00,190
457,Lumineon,Water,,460,69,69,76,69,86,91,4,0,Blue,1.19,24.00,75
458,Mantyke,Water,Voador,345,45,20,50,60,120,50,4,0,Blue,0.99,65.00,25
459,Snover,Planta,Gelo,334,60,62,50,62,60,40,4,0,White,0.99,50.50,120
460,Abomasnow,Planta,Gelo,494,90,92,75,92,85,60,4,0,White,2.21,135.50,60
461,Weavile,Sombrio,Gelo,510,70,120,65,45,85,125,4,0,Black,1.09,34.00,45
462,Magnezone,Electric,Aço,535,70,70,115,130,90,60,4,0,Cinza,1.19,180.00,30
463,Lickilicky,Normal,,515,110,85,95,80,95,50,4,0,Rosa,1.70,140.00,30
464,Rhyperior,Terra,Pedra,535,115,140,130,55,55,40,4,0,Cinza,2.39,282.80,30
465,Tangrowth,Planta,,535,100,100,125,110,50,50,4,0,Blue,2.01,128.60,30
466,Electivire,Electric,,540,75,123,67,95,85,95,4,0,Amarelo,1.80,138.60,30
467,Magmortar,Fire,,540,75,95,67,125,95,83,4,0,Red,1.60,68.00,30
468,Togekiss,Fada,Voador,545,85,50,95,120,115,80,4,0,White,1.50,38.00,30
469,Yanmega,Bug,Voador,515,86,76,86,116,56,95,4,0,Green,1.91,51.50,30
470,Leafeon,Planta,,525,65,110,130,60,65,95,4,0,Green,0.99,25.50,45
471,Glaceon,Gelo,,525,65,60,110,130,95,65,4,0,Blue,0.79,25.90,45
472,Gliscor,Terra,Voador,510,75,95,125,45,75,95,4,0,Roxo,2.01,42.50,30
473,Mamoswine,Gelo,Terra,530,110,130,80,70,60,80,4,0,Marron,2.49,291.00,50
474,Porygon-Z,Normal,,535,85,80,70,135,75,90,4,0,Red,0.89,34.00,30
475,Gallade,Psychic,Lutador,518,68,125,65,65,115,80,4,0,White,1.60,52.00,45
476,Probopass,Pedra,Aço,525,60,55,145,75,150,40,4,0,Cinza,1.40,340.00,60
477,Dusknoir,Ghost,,525,45,100,135,65,135,45,4,0,Black,2.21,106.60,45
478,Froslass,Gelo,Ghost,480,70,80,70,80,70,110,4,0,White,1.30,26.60,75
479,Rotom,Electric,Ghost,440,50,50,77,95,77,91,4,0,Red,0.30,0.30,45
480,Uxie,Psychic,,580,75,75,130,75,130,95,4,1,Amarelo,0.30,0.30,3
481,Mesprit,Psychic,,580,80,105,105,105,105,80,4,1,Rosa,0.30,0.30,3
482,Azelf,Psychic,,580,75,125,70,125,70,115,4,1,Blue,0.30,0.30,3
483,Dialga,Aço,Dragon,680,100,120,120,150,100,90,4,1,White,5.41,683.00,3
484,Palkia,Water,Dragon,680,90,120,100,150,120,100,4,1,Roxo,4.19,336.00,3
485,Heatran,Fire,Aço,600,91,90,106,130,106,77,4,1,Marron,1.70,430.00,3
486,Regigigas,Normal,,670,110,160,110,80,110,100,4,1,White,3.71,420.00,3
487,Giratina,Ghost,Dragon,680,150,120,100,120,100,90,4,1,Black,6.91,650.00,3
488,Cresselia,Psychic,,600,120,70,120,75,130,85,4,0,Amarelo,1.50,85.60,3
489,Phione,Water,,480,80,80,80,80,80,80,4,0,Blue,0.41,3.10,30
490,Manaphy,Water,,600,100,100,100,100,100,100,4,0,Blue,0.30,1.40,3
491,Darkrai,Sombrio,,600,70,90,90,135,90,125,4,1,Black,1.50,50.50,3
492,Shaymin,Planta,,600,100,100,100,100,100,100,4,1,Green,0.20,2.10,45
493,Arceus,Normal,,720,120,120,120,120,120,120,4,1,Cinza,3.20,320.00,3
494,Victini,Psychic,Fire,600,100,100,100,100,100,100,5,1,Amarelo,0.41,4.00,3
495,Snivy,Planta,,308,45,45,55,45,55,63,5,0,Green,0.61,8.10,45
496,Servine,Planta,,413,60,60,75,60,75,83,5,0,Green,0.79,16.00,45
497,Serperior,Planta,,528,75,75,95,75,95,113,5,0,Green,3.30,63.00,45
498,Tepig,Fire,,308,65,63,45,45,45,45,5,0,Red,0.51,9.90,45
499,Pignite,Fire,Lutador,418,90,93,55,70,55,55,5,0,Red,0.99,55.50,45
500,Emboar,Fire,Lutador,528,110,123,65,100,65,65,5,0,Red,1.60,150.00,45
501,Oshawott,Water,,308,55,55,45,63,45,45,5,0,Blue,0.51,5.90,45
502,Dewott,Water,,413,75,75,60,83,60,60,5,0,Blue,0.79,24.50,45
503,Samurott,Water,,528,95,100,85,108,70,70,5,0,Blue,1.50,94.60,45
504,Patrat,Normal,,255,45,55,39,35,39,42,5,0,Marron,0.51,11.60,255
505,Watchog,Normal,,420,60,85,69,60,69,77,5,0,Marron,1.09,27.00,255
506,Lillipup,Normal,,275,45,60,45,25,45,55,5,0,Marron,0.41,4.10,255
507,Herdier,Normal,,370,65,80,65,35,65,60,5,0,Cinza,0.89,14.70,120
508,Stoutland,Normal,,500,85,110,90,45,90,80,5,0,Cinza,1.19,61.00,45
509,Purrloin,Sombrio,,281,41,50,37,50,37,66,5,0,Roxo,0.41,10.10,255
510,Liepard,Sombrio,,446,64,88,50,88,50,106,5,0,Roxo,1.09,37.50,90
511,Pansage,Planta,,316,50,53,48,53,48,64,5,0,Green,0.61,10.50,190
512,Simisage,Planta,,498,75,98,63,98,63,101,5,0,Green,1.09,30.50,75
513,Pansear,Fire,,316,50,53,48,53,48,64,5,0,Red,0.61,11.00,190
514,Simisear,Fire,,498,75,98,63,98,63,101,5,0,Red,0.99,28.00,75
515,Panpour,Water,,316,50,53,48,53,48,64,5,0,Blue,0.61,13.50,190
516,Simipour,Water,,498,75,98,63,98,63,101,5,0,Blue,0.99,29.00,75
517,Munna,Psychic,,292,76,25,45,67,55,24,5,0,Rosa,0.61,23.30,190
518,Musharna,Psychic,,487,116,55,85,107,95,29,5,0,Rosa,1.09,60.50,75
519,Pidove,Normal,Voador,264,50,55,50,36,30,43,5,0,Cinza,0.30,2.10,255
520,Tranquill,Normal,Voador,358,62,77,62,50,42,65,5,0,Cinza,0.61,15.00,120
521,Unfezant,Normal,Voador,488,80,115,80,65,55,93,5,0,Cinza,1.19,29.00,45
522,Blitzle,Electric,,295,45,60,32,50,32,76,5,0,Black,0.79,29.80,190
523,Zebstrika,Electric,,497,75,100,63,80,63,116,5,0,Black,1.60,79.50,75
524,Roggenrola,Pedra,,280,55,75,85,25,25,15,5,0,Blue,0.41,18.00,255
525,Boldore,Pedra,,390,70,105,105,50,40,20,5,0,Blue,0.89,102.00,120
526,Gigalith,Pedra,,515,85,135,130,60,80,25,5,0,Blue,1.70,260.00,45
527,Woobat,Psychic,Voador,313,55,45,43,55,43,72,5,0,Blue,0.41,2.10,190
528,Swoobat,Psychic,Voador,425,67,57,55,77,55,114,5,0,Blue,0.89,10.50,45
529,Drilbur,Terra,,328,60,85,40,30,45,68,5,0,Cinza,0.30,8.50,120
530,Excadrill,Terra,Aço,508,110,135,60,50,65,88,5,0,Cinza,0.71,40.40,60
531,Audino,Normal,,445,103,60,86,60,86,50,5,0,Rosa,1.09,31.00,255
532,Timburr,Lutador,,305,75,80,55,25,35,35,5,0,Cinza,0.61,12.50,180
533,Gurdurr,Lutador,,405,85,105,85,40,50,40,5,0,Cinza,1.19,40.00,90
534,Conkeldurr,Lutador,,505,105,140,95,55,65,45,5,0,Cinza,1.40,87.00,45
535,Tympole,Water,,294,50,50,40,50,40,64,5,0,Blue,0.51,4.50,255
536,Palpitoad,Water,Terra,384,75,65,55,65,55,69,5,0,Blue,0.79,17.00,120
537,Seismitoad,Water,Terra,509,105,95,75,85,75,74,5,0,Blue,1.50,62.00,45
538,Throh,Lutador,,465,120,100,85,30,85,45,5,0,Red,1.30,55.50,45
539,Sawk,Lutador,,465,75,125,75,30,75,85,5,0,Blue,1.40,51.00,45
540,Sewaddle,Bug,Planta,310,45,53,70,40,60,42,5,0,Amarelo,0.30,2.50,255
541,Swadloon,Bug,Planta,380,55,63,90,50,80,42,5,0,Green,0.51,7.30,120
542,Leavanny,Bug,Planta,500,75,103,80,70,80,92,5,0,Amarelo,1.19,20.50,45
543,Venipede,Bug,Venenoso,260,30,45,59,30,39,57,5,0,Red,0.41,5.30,255
544,Whirlipede,Bug,Venenoso,360,40,55,99,40,79,47,5,0,Cinza,1.19,58.50,120
545,Scolipede,Bug,Venenoso,485,60,100,89,55,69,112,5,0,Red,2.49,200.50,45
546,Cottonee,Planta,Fada,280,40,27,60,37,50,66,5,0,Green,0.30,0.60,190
547,Whimsicott,Planta,Fada,480,60,67,85,77,75,116,5,0,Green,0.71,6.60,75
548,Petilil,Planta,,280,45,35,50,70,50,30,5,0,Green,0.51,6.60,190
549,Lilligant,Planta,,480,70,60,75,110,75,90,5,0,Green,1.09,16.30,75
550,Basculin,Water,,460,70,92,65,80,55,98,5,0,Green,0.99,18.00,25
551,Sandile,Terra,Sombrio,292,50,72,35,35,35,65,5,0,Marron,0.71,15.20,180
552,Krokorok,Terra,Sombrio,351,60,82,45,45,45,74,5,0,Marron,0.99,33.40,90
553,Krookodile,Terra,Sombrio,519,95,117,80,65,70,92,5,0,Red,1.50,96.30,45
554,Darumaka,Fire,,315,70,90,45,15,45,50,5,0,Red,0.61,37.50,120
555,Darmanitan,Fire,,480,105,140,55,30,55,95,5,0,Red,1.30,92.90,60
556,Maractus,Planta,,461,75,86,67,106,67,60,5,0,Green,0.99,28.00,255
557,Dwebble,Bug,Pedra,325,50,65,85,35,35,55,5,0,Red,0.30,14.50,190
558,Crustle,Bug,Pedra,475,70,95,125,65,75,45,5,0,Red,1.40,200.00,75
559,Scraggy,Sombrio,Lutador,348,50,75,70,35,70,48,5,0,Amarelo,0.61,11.80,180
560,Scrafty,Sombrio,Lutador,488,65,90,115,45,115,58,5,0,Red,1.09,30.00,90
561,Sigilyph,Psychic,Voador,490,72,58,80,103,80,97,5,0,Black,1.40,14.00,45
562,Yamask,Ghost,,303,38,30,85,55,65,30,5,0,Black,0.51,1.50,190
563,Cofagrigus,Ghost,,483,58,50,145,95,105,30,5,0,Amarelo,1.70,76.50,90
564,Tirtouga,Water,Pedra,355,54,78,103,53,45,22,5,0,Blue,0.71,16.50,45
565,Carracosta,Water,Pedra,495,74,108,133,83,65,32,5,0,Blue,1.19,81.00,45
566,Archen,Pedra,Voador,401,55,112,45,74,45,70,5,0,Amarelo,0.51,9.50,45
567,Archeops,Pedra,Voador,567,75,140,65,112,65,110,5,0,Amarelo,1.40,32.00,45
568,Trubbish,Venenoso,,329,50,50,62,40,62,65,5,0,Green,0.61,31.00,190
569,Garbodor,Venenoso,,474,80,95,82,60,82,75,5,0,Green,1.91,107.30,60
570,Zorua,Sombrio,,330,40,65,40,80,40,65,5,0,Cinza,0.71,12.50,75
571,Zoroark,Sombrio,,510,60,105,60,120,60,105,5,0,Cinza,1.60,81.10,45
572,Minccino,Normal,,300,55,50,40,40,40,75,5,0,Cinza,0.41,5.80,255
573,Cinccino,Normal,,470,75,95,60,65,60,115,5,0,Cinza,0.51,7.50,60
574,Gothita,Psychic,,290,45,30,50,55,65,45,5,0,Roxo,0.41,5.80,200
575,Gothorita,Psychic,,390,60,45,70,75,85,55,5,0,Roxo,0.71,18.00,100
576,Gothitelle,Psychic,,490,70,55,95,95,110,65,5,0,Roxo,1.50,44.00,50
577,Solosis,Psychic,,290,45,30,40,105,50,20,5,0,Green,0.30,1.00,200
578,Duosion,Psychic,,370,65,40,50,125,60,30,5,0,Green,0.61,8.00,100
579,Reuniclus,Psychic,,490,110,65,75,125,85,30,5,0,Green,0.99,20.10,50
580,Ducklett,Water,Voador,305,62,44,50,44,50,55,5,0,Blue,0.51,5.50,190
581,Swanna,Water,Voador,473,75,87,63,87,63,98,5,0,White,1.30,24.20,45
582,Vanillite,Gelo,,305,36,50,50,65,60,44,5,0,White,0.41,5.70,255
583,Vanillish,Gelo,,395,51,65,65,80,75,59,5,0,White,1.09,41.00,120
584,Vanilluxe,Gelo,,535,71,95,85,110,95,79,5,0,White,1.30,57.50,45
585,Deerling,Normal,Planta,335,60,60,50,40,50,75,5,0,Amarelo,0.61,19.50,190
586,Sawsbuck,Normal,Planta,475,80,100,70,60,70,95,5,0,Marron,1.91,92.50,75
587,Emolga,Electric,Voador,428,55,75,60,75,60,103,5,0,White,0.41,5.00,200
588,Karrablast,Bug,,315,50,75,45,40,45,60,5,0,Blue,0.51,5.90,200
589,Escavalier,Bug,Aço,495,70,135,105,60,105,20,5,0,Cinza,0.99,33.00,75
590,Foongus,Planta,Venenoso,294,69,55,45,55,55,15,5,0,White,0.20,1.00,190
591,Amoonguss,Planta,Venenoso,464,114,85,70,85,80,30,5,0,Cinza,0.61,10.50,75
592,Frillish,Water,Ghost,335,55,40,50,65,85,40,5,0,White,1.19,33.00,190
593,Jellicent,Water,Ghost,480,100,60,70,85,105,60,5,0,White,2.21,135.00,60
594,Alomomola,Water,,470,165,75,80,40,45,65,5,0,Rosa,1.19,31.60,75
595,Joltik,Bug,Electric,319,50,47,50,57,50,65,5,0,Amarelo,0.10,0.60,190
596,Galvantula,Bug,Electric,472,70,77,60,97,60,108,5,0,Amarelo,0.79,14.30,75
597,Ferroseed,Planta,Aço,305,44,50,91,24,86,10,5,0,Cinza,0.61,18.80,255
598,Ferrothorn,Planta,Aço,489,74,94,131,54,116,20,5,0,Cinza,0.99,110.00,90
599,Klink,Aço,,300,40,55,70,45,60,30,5,0,Cinza,0.30,21.00,130
600,Klang,Aço,,440,60,80,95,70,85,50,5,0,Cinza,0.61,51.00,60
601,Klinklang,Aço,,520,60,100,115,70,85,90,5,0,Cinza,0.61,81.00,30
602,Tynamo,Electric,,275,35,55,40,45,40,60,5,0,White,0.20,0.30,190
603,Eelektrik,Electric,,405,65,85,70,75,70,40,5,0,Blue,1.19,22.00,60
604,Eelektross,Electric,,515,85,115,80,105,80,50,5,0,Blue,2.11,80.50,30
605,Elgyem,Psychic,,335,55,55,55,85,55,30,5,0,Cinza,0.51,9.00,255
606,Beheeyem,Psychic,,485,75,75,75,125,95,40,5,0,Marron,0.99,34.50,90
607,Litwick,Ghost,Fire,275,50,30,55,65,55,20,5,0,White,0.30,3.10,190
608,Lampent,Ghost,Fire,370,60,40,60,95,60,55,5,0,Black,0.61,13.00,90
609,Chandelure,Ghost,Fire,520,60,55,90,145,90,80,5,0,Black,0.99,34.30,45
610,Axew,Dragon,,320,46,87,60,30,40,57,5,0,Green,0.61,18.00,75
611,Fraxure,Dragon,,410,66,117,70,40,50,67,5,0,Green,0.99,36.00,60
612,Haxorus,Dragon,,540,76,147,90,60,70,97,5,0,Amarelo,1.80,105.50,45
613,Cubchoo,Gelo,,305,55,70,40,60,40,40,5,0,Blue,0.51,8.50,120
614,Beartic,Gelo,,485,95,110,80,70,80,50,5,0,White,2.59,260.00,60
615,Cryogonal,Gelo,,485,70,50,30,95,135,105,5,0,Blue,1.09,148.00,25
616,Shelmet,Bug,,305,50,40,85,40,65,25,5,0,Red,0.41,7.70,200
617,Accelgor,Bug,,495,80,70,40,100,60,145,5,0,Red,0.79,25.30,75
618,Stunfisk,Terra,Electric,471,109,66,84,81,99,32,5,0,Marron,0.71,11.00,75
619,Mienfoo,Lutador,,350,45,85,50,55,50,65,5,0,Amarelo,0.89,20.00,180
620,Mienshao,Lutador,,510,65,125,60,95,60,105,5,0,Roxo,1.40,35.50,45
621,Druddigon,Dragon,,485,77,120,90,60,90,48,5,0,Red,1.60,139.00,45
622,Golett,Terra,Ghost,303,59,74,50,35,50,35,5,0,Green,0.99,92.00,190
623,Golurk,Terra,Ghost,483,89,124,80,55,80,55,5,0,Green,2.79,330.00,90
624,Pawniard,Sombrio,Aço,340,45,85,70,40,40,60,5,0,Red,0.51,10.20,120
625,Bisharp,Sombrio,Aço,490,65,125,100,60,70,70,5,0,Red,1.60,70.00,45
626,Bouffalant,Normal,,490,95,110,95,40,95,55,5,0,Marron,1.60,94.60,45
627,Rufflet,Normal,Voador,350,70,83,50,37,50,60,5,0,White,0.51,10.50,190
628,Braviary,Normal,Voador,510,100,123,75,57,75,80,5,0,Red,1.50,41.00,60
629,Vullaby,Sombrio,Voador,370,70,55,75,45,65,60,5,0,Marron,0.51,9.00,190
630,Mandibuzz,Sombrio,Voador,510,110,65,105,55,95,80,5,0,Marron,1.19,39.50,60
631,Heatmor,Fire,,484,85,97,66,105,66,65,5,0,Red,1.40,58.00,90
632,Durant,Bug,Aço,484,58,109,112,48,48,109,5,0,Cinza,0.30,33.00,90
633,Deino,Sombrio,Dragon,300,52,65,50,45,50,38,5,0,Blue,0.79,17.30,45
634,Zweilous,Sombrio,Dragon,420,72,85,70,65,70,58,5,0,Blue,1.40,50.00,45
635,Hydreigon,Sombrio,Dragon,600,92,105,90,125,90,98,5,0,Blue,1.80,160.00,45
636,Larvesta,Bug,Fire,360,55,85,55,50,55,60,5,0,White,1.09,28.80,45
637,Volcarona,Bug,Fire,550,85,60,65,135,105,100,5,0,White,1.60,46.00,15
638,Cobalion,Aço,Lutador,580,91,90,129,90,72,108,5,1,Blue,2.11,250.00,3
639,Terrakion,Pedra,Lutador,580,91,129,90,72,90,108,5,1,Cinza,1.91,260.00,3
640,Virizion,Planta,Lutador,580,91,90,72,90,129,108,5,1,Green,2.01,200.00,3
641,Tornadus,Voador,,580,79,115,70,125,80,111,5,1,Green,1.50,63.00,3
642,Thundurus,Electric,Voador,580,79,115,70,125,80,111,5,1,Blue,1.50,61.00,3
643,Reshiram,Dragon,Fire,680,100,120,100,150,120,90,5,1,White,3.20,330.00,3
644,Zekrom,Dragon,Electric,680,100,150,120,120,100,90,5,1,Black,2.90,345.00,3
645,Landorus,Terra,Voador,600,89,125,90,115,80,101,5,1,Marron,1.50,68.00,3
646,Kyurem,Dragon,Gelo,660,125,130,90,130,90,95,5,1,Cinza,3.00,325.00,3
647,Keldeo,Water,Lutador,580,91,72,90,129,90,108,5,0,Amarelo,1.40,48.50,3
648,Meloetta,Normal,Psychic,600,100,77,77,128,128,90,5,0,White,0.61,6.50,3
649,Genesect,Bug,Aço,600,71,120,95,120,95,99,5,0,Roxo,1.50,82.50,3
650,Chespin,Planta,,313,56,61,65,48,45,38,6,0,Green,0.41,9.00,45
651,Quilladin,Planta,,405,61,78,95,56,58,57,6,0,Green,0.71,29.00,45
652,Chesnaught,Planta,Lutador,530,88,107,122,74,75,64,6,0,Green,1.60,90.00,45
653,Fennekin,Fire,,307,40,45,40,62,60,60,6,0,Red,0.41,9.40,45
654,Braixen,Fire,,409,59,59,58,90,70,73,6,0,Red,0.99,14.50,45
655,Delphox,Fire,Psychic,534,75,69,72,114,100,104,6,0,Red,1.50,39.00,45
656,Froakie,Water,,314,41,56,40,62,44,71,6,0,Blue,0.30,7.00,45
657,Frogadier,Water,,405,54,63,52,83,56,97,6,0,Blue,0.61,10.90,45
658,Greninja,Water,Sombrio,530,72,95,67,103,71,122,6,0,Blue,1.50,40.00,45
659,Bunnelby,Normal,,237,38,36,38,32,36,57,6,0,Marron,0.41,5.00,255
660,Diggersby,Normal,Terra,423,85,56,77,50,77,78,6,0,Marron,0.99,42.40,127
661,Fletchling,Normal,Voador,278,45,50,43,40,38,62,6,0,Red,0.30,1.70,255
662,Fletchinder,Fire,Voador,382,62,73,55,56,52,84,6,0,Red,0.71,16.00,120
663,Talonflame,Fire,Voador,499,78,81,71,74,69,126,6,0,Red,1.19,24.50,45
664,Scatterbug,Bug,,200,38,35,40,27,25,35,6,0,Black,0.30,2.50,255
665,Spewpa,Bug,,213,45,22,60,27,30,29,6,0,Black,0.30,8.40,120
666,Vivillon,Bug,Voador,411,80,52,50,90,50,89,6,0,Black,1.19,17.00,45
667,Litleo,Fire,Normal,369,62,50,58,73,54,72,6,0,Marron,0.61,13.50,220
668,Pyroar,Fire,Normal,507,86,68,72,109,66,106,6,0,Marron,1.50,81.50,65
669,Flabébé,Fada,,303,44,38,39,61,79,42,6,0,White,0.10,0.10,225
670,Floette,Fada,,371,54,45,47,75,98,52,6,0,White,0.20,0.90,120
671,Florges,Fada,,552,78,65,68,112,154,75,6,0,White,1.09,10.00,45
672,Skiddo,Planta,,350,66,65,48,62,57,52,6,0,Marron,0.89,31.00,200
673,Gogoat,Planta,,531,123,100,62,97,81,68,6,0,Marron,1.70,91.00,45
674,Pancham,Lutador,,348,67,82,62,46,48,43,6,0,White,0.61,8.00,220
675,Pangoro,Lutador,Sombrio,495,95,124,78,69,71,58,6,0,White,2.11,136.00,65
676,Furfrou,Normal,,472,75,80,60,65,90,102,6,0,White,1.19,28.00,160
677,Espurr,Psychic,,355,62,48,54,63,60,68,6,0,Cinza,0.30,3.50,190
678,Meowstic,Psychic,,466,74,48,76,83,81,104,6,0,White,0.61,8.50,75
679,Honedge,Aço,Ghost,325,45,80,100,35,37,28,6,0,Marron,0.79,2.00,180
680,Doublade,Aço,Ghost,448,59,110,150,45,49,35,6,0,Marron,0.84,4.50,90
681,Aegislash,Aço,Ghost,520,60,50,150,50,150,60,6,0,Marron,1.70,53.00,45
682,Spritzee,Fada,,341,78,52,60,63,65,23,6,0,Rosa,0.20,0.50,200
683,Aromatisse,Fada,,462,101,72,72,99,89,29,6,0,Rosa,0.79,15.50,140
684,Swirlix,Fada,,341,62,48,66,59,57,49,6,0,White,0.41,3.50,200
685,Slurpuff,Fada,,480,82,80,86,85,75,72,6,0,White,0.79,5.00,140
686,Inkay,Sombrio,Psychic,288,53,54,53,37,46,45,6,0,Blue,0.41,3.50,190
687,Malamar,Sombrio,Psychic,482,86,92,88,68,75,73,6,0,Blue,1.50,47.00,80
688,Binacle,Pedra,Water,306,42,52,67,39,56,50,6,0,Marron,0.51,31.00,120
689,Barbaracle,Pedra,Water,500,72,105,115,54,86,68,6,0,Marron,1.30,96.00,45
690,Skrelp,Venenoso,Water,320,50,60,60,60,60,30,6,0,Marron,0.51,7.30,225
691,Dragalge,Venenoso,Dragon,494,65,75,90,97,123,44,6,0,Marron,1.80,81.50,55
692,Clauncher,Water,,330,50,53,62,58,63,44,6,0,Blue,0.51,8.30,225
693,Clawitzer,Water,,500,71,73,88,120,89,59,6,0,Blue,1.30,35.30,55
694,Helioptile,Electric,Normal,289,44,38,33,61,43,70,6,0,Amarelo,0.51,6.00,190
695,Heliolisk,Electric,Normal,481,62,55,52,109,94,109,6,0,Amarelo,0.99,21.00,75
696,Tyrunt,Pedra,Dragon,362,58,89,77,45,45,48,6,0,Marron,0.79,26.00,45
697,Tyrantrum,Pedra,Dragon,521,82,121,119,69,59,71,6,0,Red,2.49,270.00,45
698,Amaura,Pedra,Gelo,362,77,59,50,67,63,46,6,0,Blue,1.30,25.20,45
699,Aurorus,Pedra,Gelo,521,123,77,72,99,92,58,6,0,Blue,2.69,225.00,45
700,Sylveon,Fada,,525,95,65,65,110,130,60,6,0,Rosa,0.99,23.50,45
701,Hawlucha,Lutador,Voador,500,78,92,75,74,63,118,6,0,Green,0.79,21.50,100
702,Dedenne,Electric,Fada,431,67,58,57,81,67,101,6,0,Amarelo,0.20,2.20,180
703,Carbink,Pedra,Fada,500,50,50,150,50,150,50,6,0,Cinza,0.30,5.70,60
704,Goomy,Dragon,,300,45,50,35,55,75,40,6,0,Roxo,0.30,2.80,45
705,Sliggoo,Dragon,,452,68,75,53,83,113,60,6,0,Roxo,0.79,17.50,45
706,Goodra,Dragon,,600,90,100,70,110,150,80,6,0,Roxo,2.01,150.50,45
707,Klefki,Aço,Fada,470,57,80,91,80,87,75,6,0,Cinza,0.20,3.00,75
708,Phantump,Ghost,Planta,309,43,70,48,50,60,38,6,0,Marron,0.41,7.00,120
709,Trevenant,Ghost,Planta,474,85,110,76,65,82,56,6,0,Marron,1.50,71.00,60
710,Pumpkaboo,Ghost,Planta,335,49,66,70,44,55,51,6,0,Marron,0.41,5.00,120
711,Gourgeist,Ghost,Planta,494,65,90,122,58,75,84,6,0,Marron,1.70,39.00,60
712,Bergmite,Gelo,,304,55,69,85,32,35,28,6,0,Blue,0.99,99.50,190
713,Avalugg,Gelo,,514,95,117,184,44,46,28,6,0,Blue,2.01,505.00,55
714,Noibat,Voador,Dragon,245,40,30,35,45,40,55,6,0,Roxo,0.51,8.00,190
715,Noivern,Voador,Dragon,535,85,70,80,97,80,123,6,0,Roxo,1.50,85.00,45
716,Xerneas,Fada,,680,126,131,95,131,98,99,6,1,Blue,3.00,215.00,45
717,Yveltal,Sombrio,Voador,680,126,131,95,131,98,99,6,1,Red,5.79,203.00,45
718,Zygarde,Dragon,Terra,600,108,100,121,81,95,95,6,1,Green,5.00,305.00,3
719,Diancie,Pedra,Fada,600,50,100,150,100,150,50,6,1,Rosa,0.71,8.80,3
720,Hoopa,Psychic,Ghost,600,80,110,60,150,130,70,6,1,Roxo,0.51,9.00,3
721,Volcanion,Fire,Water,600,80,110,120,130,90,70,6,1,Marron,1.70,195.00,3